{
    "신상품":[
        {"상품코드":"kurly-new-0001","상품이미지":"0cc94486-78df-4089-a402-357b5d378be3.jpg","카트이미지":"cart_purple.svg","배송구분":"샛별배송","제조사":"만선","상품명":"홍가리비 500g (생물)","할인율": 0, "정가": 11100, "상품정보":"모두가 좋아하는 주전부리", "판매처":"" },
        {"상품코드":"kurly-new-0002","상품이미지":"0ed8c277-a0a6-41e3-9fc2-4c162afbc324.jpg","카트이미지":"cart_purple.svg","배송구분":"샛별배송","제조사":"만선","상품명":"홍합 1kg (생물)","할인율": 0, "정가": 11600, "상품정보":"맛이 차오른 제철 가리비", "판매처":"" },
        {"상품코드":"kurly-new-0003","상품이미지":"0f4f2604-9671-47d4-bf6e-580fee72f53a.jpg","카트이미지":"cart_purple.svg","배송구분":"샛별배송","제조사":"조선호텔","상품명":"한우 나주식 곰탕 600g","할인율": 0, "정가": 29000, "상품정보":"시원한 국물 맛의 비결", "판매처":"" },
        {"상품코드":"kurly-new-0004","상품이미지":"1f3eb918-5742-45a4-94e0-fd155aec5c21.jpg","카트이미지":"cart_purple.svg","배송구분":"샛별배송","제조사":"포켓플라워","상품명":"연보라 장미 테이블플라워","할인율": 0.06, "정가": 12000, "상품정보":"한우 사태의 농축된 감칠맛", "판매처":"Kurly Only" },
        {"상품코드":"kurly-new-0005","상품이미지":"2a2f6358-e4b2-4613-ae10-1c782525c44f.jpg","카트이미지":"cart_purple.svg","배송구분":"샛별배송","제조사":"더오담","상품명":"바로담은 달콤황도 450g","할인율": 0.15, "정가": 18000, "상품정보":"테이블에 내려앉은 화사함", "판매처":"" },
        {"상품코드":"kurly-new-0006","상품이미지":"2bcd2023-8a85-4ca3-b73a-0b5907b568f3.jpg","카트이미지":"cart_purple.svg","배송구분":"샛별배송","제조사":"포켓플라워","상품명":"피치 장미 테이블플라워","할인율": 0.25, "정가": 23300, "상품정보":"(저탄소인증) 식감이 살아 있는 달콤한 병조림", "판매처":"Kurly Only" },
        {"상품코드":"kurly-new-0007","상품이미지":"2ce3ff78-f43c-458c-b670-4d5c2430b89a.jpg","카트이미지":"cart_purple.svg","배송구분":"샛별배송","제조사":"포켓플라워","상품명":"옐로우 퐁퐁 테이블플라워","할인율": 0, "정가": 12550, "상품정보":"마음을 사로잡는 따스한 분위기", "판매처":"" },
        {"상품코드":"kurly-new-0008","상품이미지":"2e12e184-e510-4f71-b27c-c8395918b6a4.jpg","카트이미지":"cart_purple.svg","배송구분":"샛별배송","제조사":"포켓플라워","상품명":"오로라 장미 테이블플라워","할인율": 0.35, "정가": 29000, "상품정보":"모두가 좋아하는 주전부리", "판매처":"Kurly Only" },
        {"상품코드":"kurly-new-0009","상품이미지":"3a6ecd70-e615-4296-ac41-505d80983954.jpg","카트이미지":"cart_purple.svg","배송구분":"샛별배송","제조사":"을지로만선호프","상품명":"알찬 곤약 김밥 6종","할인율": 0.25, "정가": 39000, "상품정보":"모두가 좋아하는 주전부리", "판매처":"Kurly Only" },
        {"상품코드":"kurly-new-0010","상품이미지":"3e00b0c5-e3b2-40f4-ad72-54f5aba957a0.jpg","카트이미지":"cart_purple.svg","배송구분":"샛별배송","제조사":"담백한입","상품명":"소스와 함께 오리지널 쥐치포","할인율": 0, "정가": 42000, "상품정보":"모두가 좋아하는 주전부리", "판매처":"Kurly Only" },
        {"상품코드":"kurly-new-0011","상품이미지":"04e07c90-b867-488c-a071-fc5ec316e112.jpg","카트이미지":"cart_purple.svg","배송구분":"샛별배송","제조사":"을지로만선호프","상품명":"소스와 함께 오리지널 쥐치포","할인율": 0.22, "정가": 25000, "상품정보":"모두가 좋아하는 주전부리", "판매처":"" },
        {"상품코드":"kurly-new-0012","상품이미지":"4c8e7634-f869-4b8a-89c0-aafeb729b716.jpg","카트이미지":"cart_purple.svg","배송구분":"샛별배송","제조사":"을지로만선호프","상품명":"소스와 함께 오리지널 쥐치포","할인율": 0.33, "정가": 54000, "상품정보":"모두가 좋아하는 주전부리", "판매처":"" },
        {"상품코드":"kurly-new-0013","상품이미지":"0cc94486-78df-4089-a402-357b5d378be3.jpg","카트이미지":"cart_purple.svg","배송구분":"샛별배송","제조사":"을지로만선호프","상품명":"소스와 함께 오리지널 쥐치포","할인율": 0.40, "정가": 63000, "상품정보":"모두가 좋아하는 주전부리", "판매처":"Kurly Only" },
        {"상품코드":"kurly-new-0014","상품이미지":"0cc94486-78df-4089-a402-357b5d378be3.jpg","카트이미지":"cart_purple.svg","배송구분":"샛별배송","제조사":"을지로만선호프","상품명":"소스와 함께 오리지널 쥐치포","할인율": 0.50, "정가": 29000, "상품정보":"모두가 좋아하는 주전부리", "판매처":"" },
        {"상품코드":"kurly-new-0015","상품이미지":"0cc94486-78df-4089-a402-357b5d378be3.jpg","카트이미지":"cart_purple.svg","배송구분":"샛별배송","제조사":"을지로만선호프","상품명":"소스와 함께 오리지널 쥐치포","할인율": 0.11, "정가": 19000, "상품정보":"모두가 좋아하는 주전부리", "판매처":"" },
        {"상품코드":"kurly-new-0016","상품이미지":"0cc94486-78df-4089-a402-357b5d378be3.jpg","카트이미지":"cart_purple.svg","배송구분":"샛별배송","제조사":"을지로만선호프","상품명":"소스와 함께 오리지널 쥐치포","할인율": 0.09, "정가": 19000, "상품정보":"모두가 좋아하는 주전부리", "판매처":"" },
        {"상품코드":"kurly-new-0017","상품이미지":"0cc94486-78df-4089-a402-357b5d378be3.jpg","카트이미지":"cart_purple.svg","배송구분":"샛별배송","제조사":"을지로만선호프","상품명":"소스와 함께 오리지널 쥐치포","할인율": 0.07, "정가": 19000, "상품정보":"모두가 좋아하는 주전부리", "판매처":"Kurly Only" },
        {"상품코드":"kurly-new-0018","상품이미지":"0cc94486-78df-4089-a402-357b5d378be3.jpg","카트이미지":"cart_purple.svg","배송구분":"샛별배송","제조사":"을지로만선호프","상품명":"소스와 함께 오리지널 쥐치포","할인율": 0.15, "정가": 19000, "상품정보":"모두가 좋아하는 주전부리", "판매처":"Kurly Only" },
        {"상품코드":"kurly-new-0019","상품이미지":"0cc94486-78df-4089-a402-357b5d378be3.jpg","카트이미지":"cart_purple.svg","배송구분":"샛별배송","제조사":"을지로만선호프","상품명":"소스와 함께 오리지널 쥐치포","할인율": 0.15, "정가": 19000, "상품정보":"모두가 좋아하는 주전부리", "판매처":"" },
        {"상품코드":"kurly-new-0020","상품이미지":"0cc94486-78df-4089-a402-357b5d378be3.jpg","카트이미지":"cart_purple.svg","배송구분":"샛별배송","제조사":"을지로만선호프","상품명":"소스와 함께 오리지널 쥐치포","할인율": 0.15, "정가": 19000, "상품정보":"모두가 좋아하는 주전부리", "판매처":"" },
        {"상품코드":"kurly-new-0021","상품이미지":"0cc94486-78df-4089-a402-357b5d378be3.jpg","카트이미지":"cart_purple.svg","배송구분":"샛별배송","제조사":"을지로만선호프","상품명":"소스와 함께 오리지널 쥐치포","할인율": 0.15, "정가": 19000, "상품정보":"모두가 좋아하는 주전부리", "판매처":"Kurly Only" },
        {"상품코드":"kurly-new-0022","상품이미지":"0cc94486-78df-4089-a402-357b5d378be3.jpg","카트이미지":"cart_purple.svg","배송구분":"샛별배송","제조사":"을지로만선호프","상품명":"소스와 함께 오리지널 쥐치포","할인율": 0.15, "정가": 19000, "상품정보":"모두가 좋아하는 주전부리", "판매처":"Kurly Only" },
        {"상품코드":"kurly-new-0023","상품이미지":"0cc94486-78df-4089-a402-357b5d378be3.jpg","카트이미지":"cart_purple.svg","배송구분":"샛별배송","제조사":"을지로만선호프","상품명":"소스와 함께 오리지널 쥐치포","할인율": 0.15, "정가": 19000, "상품정보":"모두가 좋아하는 주전부리", "판매처":"Kurly Only" },
        {"상품코드":"kurly-new-0024","상품이미지":"0cc94486-78df-4089-a402-357b5d378be3.jpg","카트이미지":"cart_purple.svg","배송구분":"샛별배송","제조사":"을지로만선호프","상품명":"소스와 함께 오리지널 쥐치포","할인율": 0.15, "정가": 19000, "상품정보":"모두가 좋아하는 주전부리", "판매처":"" },
        {"상품코드":"kurly-new-0025","상품이미지":"0cc94486-78df-4089-a402-357b5d378be3.jpg","카트이미지":"cart_purple.svg","배송구분":"샛별배송","제조사":"을지로만선호프","상품명":"소스와 함께 오리지널 쥐치포","할인율": 0.15, "정가": 19000, "상품정보":"모두가 좋아하는 주전부리", "판매처":"Kurly Only" },
        {"상품코드":"kurly-new-0026","상품이미지":"0cc94486-78df-4089-a402-357b5d378be3.jpg","카트이미지":"cart_purple.svg","배송구분":"샛별배송","제조사":"을지로만선호프","상품명":"소스와 함께 오리지널 쥐치포","할인율": 0.15, "정가": 19000, "상품정보":"모두가 좋아하는 주전부리", "판매처":"" },
        {"상품코드":"kurly-new-0027","상품이미지":"0cc94486-78df-4089-a402-357b5d378be3.jpg","카트이미지":"cart_purple.svg","배송구분":"샛별배송","제조사":"을지로만선호프","상품명":"소스와 함께 오리지널 쥐치포","할인율": 0.15, "정가": 19000, "상품정보":"모두가 좋아하는 주전부리", "판매처":"" },
        {"상품코드":"kurly-new-0028","상품이미지":"0cc94486-78df-4089-a402-357b5d378be3.jpg","카트이미지":"cart_purple.svg","배송구분":"샛별배송","제조사":"을지로만선호프","상품명":"소스와 함께 오리지널 쥐치포","할인율": 0.15, "정가": 19000, "상품정보":"모두가 좋아하는 주전부리", "판매처":"" },
        {"상품코드":"kurly-new-0029","상품이미지":"0cc94486-78df-4089-a402-357b5d378be3.jpg","카트이미지":"cart_purple.svg","배송구분":"샛별배송","제조사":"을지로만선호프","상품명":"소스와 함께 오리지널 쥐치포","할인율": 0.15, "정가": 19000, "상품정보":"모두가 좋아하는 주전부리", "판매처":"" },
        {"상품코드":"kurly-new-0030","상품이미지":"0cc94486-78df-4089-a402-357b5d378be3.jpg","카트이미지":"cart_purple.svg","배송구분":"샛별배송","제조사":"을지로만선호프","상품명":"소스와 함께 오리지널 쥐치포","할인율": 0.15, "정가": 19000, "상품정보":"모두가 좋아하는 주전부리", "판매처":"Kurly Only" },
        {"상품코드":"kurly-new-0031","상품이미지":"0cc94486-78df-4089-a402-357b5d378be3.jpg","카트이미지":"cart_purple.svg","배송구분":"샛별배송","제조사":"을지로만선호프","상품명":"소스와 함께 오리지널 쥐치포","할인율": 0.15, "정가": 19000, "상품정보":"모두가 좋아하는 주전부리", "판매처":"Kurly Only" },
        {"상품코드":"kurly-new-0031","상품이미지":"0cc94486-78df-4089-a402-357b5d378be3.jpg","카트이미지":"cart_purple.svg","배송구분":"샛별배송","제조사":"을지로만선호프","상품명":"소스와 함께 오리지널 쥐치포","할인율": 0.15, "정가": 19000, "상품정보":"모두가 좋아하는 주전부리", "판매처":"Kurly Only" },
        {"상품코드":"kurly-new-0032","상품이미지":"0cc94486-78df-4089-a402-357b5d378be3.jpg","카트이미지":"cart_purple.svg","배송구분":"샛별배송","제조사":"을지로만선호프","상품명":"소스와 함께 오리지널 쥐치포","할인율": 0.15, "정가": 19000, "상품정보":"모두가 좋아하는 주전부리", "판매처":"Kurly Only" },
        {"상품코드":"kurly-new-0033","상품이미지":"0cc94486-78df-4089-a402-357b5d378be3.jpg","카트이미지":"cart_purple.svg","배송구분":"샛별배송","제조사":"을지로만선호프","상품명":"소스와 함께 오리지널 쥐치포","할인율": 0.15, "정가": 19000, "상품정보":"모두가 좋아하는 주전부리", "판매처":"Kurly Only" },
        {"상품코드":"kurly-new-0034","상품이미지":"0cc94486-78df-4089-a402-357b5d378be3.jpg","카트이미지":"cart_purple.svg","배송구분":"샛별배송","제조사":"을지로만선호프","상품명":"소스와 함께 오리지널 쥐치포","할인율": 0.15, "정가": 19000, "상품정보":"모두가 좋아하는 주전부리", "판매처":"Kurly Only" },
        {"상품코드":"kurly-new-0035","상품이미지":"0cc94486-78df-4089-a402-357b5d378be3.jpg","카트이미지":"cart_purple.svg","배송구분":"샛별배송","제조사":"을지로만선호프","상품명":"소스와 함께 오리지널 쥐치포","할인율": 0.15, "정가": 19000, "상품정보":"모두가 좋아하는 주전부리", "판매처":"Kurly Only" },
        {"상품코드":"kurly-new-0036","상품이미지":"0cc94486-78df-4089-a402-357b5d378be3.jpg","카트이미지":"cart_purple.svg","배송구분":"샛별배송","제조사":"을지로만선호프","상품명":"소스와 함께 오리지널 쥐치포","할인율": 0.15, "정가": 19000, "상품정보":"모두가 좋아하는 주전부리", "판매처":"Kurly Only" }
    ]
}